trade_id,symbol,direction,quantity,entry_price,entry_time,invested_amount,exit_price,exit_time,exit_reason,target1_hit,pnl_percent,pnl_amount
trial_AIIL_NS_1788465940,AIIL.NS,SELL,76,507.45001220703125,2026-09-03T20:05:40.553247+00:00,38566.2,519.9000244140625,2026-09-04T17:44:28.823426+00:00,STOP_LOSS_HIT,False,-2.45,-946.2
trial_GESHIP_NS_1788466006,GESHIP.NS,SELL,19,1305.5999755859375,2026-09-03T20:06:46.292875+00:00,24806.4,1369.699951171875,2026-09-04T17:45:04.812355+00:00,STOP_LOSS_HIT,False,-4.91,-1217.9
trial_ZENTEC_NS_1788466152,ZENTEC.NS,BUY,9,1829.0999755859375,2026-09-03T20:09:12.378259+00:00,16461.9,1801.4000244140625,2026-09-04T17:46:40.611754+00:00,STOP_LOSS_HIT,False,-1.51,-249.3
trial_BANKINDIA_NS_1788465946,BANKINDIA.NS,BUY,496,143.10000610351562,2026-09-03T20:05:46.603452+00:00,70977.6,140.86000061035156,2026-09-08T18:02:46.653728+00:00,STOP_LOSS_HIT,False,-1.57,-1111.04
trial_BELRISE_NS_1788465948,BELRISE.NS,BUY,200,234.30999755859375,2026-09-03T20:05:48.016682+00:00,46862.0,227.1699981689453,2026-09-08T18:02:47.227936+00:00,STOP_LOSS_HIT,False,-3.05,-1428.0
trial_CARBORUNIV_NS_1788543885,CARBORUNIV.NS,BUY,7,1130.5999755859375,2026-09-04T17:44:45.001084+00:00,7914.2,1095.9000244140625,2026-09-08T18:02:59.418858+00:00,STOP_LOSS_HIT,False,-3.07,-242.9
trial_NH_NS_1788543949,NH.NS,SELL,5,1858.5,2026-09-04T17:45:49.236728+00:00,9292.5,1897.4000244140625,2026-09-08T18:04:04.758008+00:00,STOP_LOSS_HIT,False,-2.09,-194.5
trial_POONAWALLA_NS_1788543966,POONAWALLA.NS,BUY,41,468.45001220703125,2026-09-04T17:46:06.350784+00:00,19206.45,455.25,2026-09-08T18:04:21.765428+00:00,STOP_LOSS_HIT,False,-2.82,-541.2
trial_SAMMAANCAP_NS_1788543970,SAMMAANCAP.NS,BUY,115,158.38999938964844,2026-09-04T17:46:10.854288+00:00,18214.85,153.0,2026-09-08T18:04:26.293775+00:00,STOP_LOSS_HIT,False,-3.4,-619.85
trial_AFFLE_NS_1788543864,AFFLE.NS,BUY,6,1616.5,2026-09-04T17:44:24.833981+00:00,9699.0,1587.300048828125,2026-09-09T17:57:13.066692+00:00,STOP_LOSS_HIT,False,-1.81,-175.2
trial_BAJFINANCE_NS_1788543869,BAJFINANCE.NS,BUY,28,1060.5,2026-09-04T17:44:29.961455+00:00,29694.0,1039.300048828125,2026-09-09T17:57:21.793092+00:00,STOP_LOSS_HIT,False,-2.0,-593.6
trial_CONCOR_NS_1788890583,CONCOR.NS,SELL,37,502.0,2026-09-08T18:03:03.800350+00:00,18574.0,510.0,2026-09-09T17:57:45.545411+00:00,STOP_LOSS_HIT,False,-1.59,-296.0
trial_GVT&D_NS_1788890596,GVT&D.NS,BUY,2,4750.0,2026-09-08T18:03:16.767666+00:00,9500.0,4673.0,2026-09-09T17:58:01.214893+00:00,STOP_LOSS_HIT,False,-1.62,-154.0
trial_GABRIEL_NS_1788890597,GABRIEL.NS,BUY,4,1389.5999755859375,2026-09-08T18:03:17.102514+00:00,5558.4,1360.800048828125,2026-09-09T17:58:01.732558+00:00,STOP_LOSS_HIT,False,-2.07,-115.2
trial_ZFCVINDIA_NS_1788544000,ZFCVINDIA.NS,BUY,3,2551.89990234375,2026-09-04T17:46:40.274300+00:00,7655.7,2469.89990234375,2026-09-09T18:00:29.110960+00:00,STOP_LOSS_HIT,False,-3.21,-246.0
trial_ASTERDM_NS_1788890562,ASTERDM.NS,BUY,23,790.3499755859375,2026-09-08T18:02:42.895930+00:00,18178.05,766.5,2026-09-10T17:49:40.096970+00:00,STOP_LOSS_HIT,False,-3.02,-548.55
trial_CHOICEIN_NS_1788890581,CHOICEIN.NS,SELL,15,753.4500122070312,2026-09-08T18:03:01.755612+00:00,11301.75,770.4000244140625,2026-09-10T17:50:08.435144+00:00,STOP_LOSS_HIT,False,-2.25,-254.25
trial_CIPLA_NS_1788465972,CIPLA.NS,SELL,33,1412.800048828125,2026-09-03T20:06:12.375193+00:00,46622.4,1373.300048828125,2026-09-10T17:50:09.515555+00:00,STOP_LOSS_HIT,True,2.8,1303.5
trial_INDHOTEL_NS_1788466027,INDHOTEL.NS,BUY,52,727.7000122070312,2026-09-03T20:07:07.669044+00:00,37840.4,715.75,2026-09-10T17:50:56.969404+00:00,STOP_LOSS_HIT,False,-1.64,-621.4
trial_M&MFIN_NS_1788466065,M&MFIN.NS,BUY,76,368.8500061035156,2026-09-03T20:07:45.799134+00:00,28032.6,359.25,2026-09-10T17:51:33.220346+00:00,STOP_LOSS_HIT,False,-2.6,-729.6
trial_AARTIIND_NS_1789062567,AARTIIND.NS,BUY,13,504.04998779296875,2026-09-10T17:49:27.442937+00:00,6552.65,492.70001220703125,2026-09-11T17:51:17.251939+00:00,STOP_LOSS_HIT,False,-2.25,-147.55
trial_ADANIPOWER_NS_1788976630,ADANIPOWER.NS,BUY,64,214.89999389648438,2026-09-09T17:57:10.417839+00:00,13753.6,209.97000122070312,2026-09-11T17:51:19.484858+00:00,STOP_LOSS_HIT,False,-2.29,-315.52
trial_BSE_NS_1788976641,BSE.NS,SELL,2,3289.800048828125,2026-09-09T17:57:21.243123+00:00,6579.6,3384.0,2026-09-11T17:51:28.826650+00:00,STOP_LOSS_HIT,False,-2.86,-188.4
trial_BLUEJET_NS_1788890573,BLUEJET.NS,BUY,28,581.5,2026-09-08T18:02:53.059743+00:00,16282.0,568.5499877929688,2026-09-11T17:51:39.546589+00:00,STOP_LOSS_HIT,False,-2.23,-362.6
trial_HINDALCO_NS_1788976692,HINDALCO.NS,BUY,13,1026.9000244140625,2026-09-09T17:58:12.021734+00:00,13349.7,981.5,2026-09-11T17:52:19.483775+00:00,STOP_LOSS_HIT,False,-4.42,-590.2
trial_HINDCOPPER_NS_1788890604,HINDCOPPER.NS,BUY,25,532.8499755859375,2026-09-08T18:03:24.365418+00:00,13321.25,514.5,2026-09-11T17:52:19.911890+00:00,STOP_LOSS_HIT,False,-3.44,-458.75
trial_IDBI_NS_1788890609,IDBI.NS,SELL,159,81.11000061035156,2026-09-08T18:03:29.622864+00:00,12896.49,83.43000030517578,2026-09-11T17:52:27.225425+00:00,STOP_LOSS_HIT,False,-2.86,-368.88
trial_NMDC_NS_1788976749,NMDC.NS,BUY,163,85.80000305175781,2026-09-09T17:59:09.222447+00:00,13985.4,82.4000015258789,2026-09-11T17:53:14.663036+00:00,STOP_LOSS_HIT,False,-3.96,-554.2
trial_NH_NS_1789062704,NH.NS,BUY,3,1909.699951171875,2026-09-10T17:51:44.967979+00:00,5729.1,1869.199951171875,2026-09-11T17:53:15.603722+00:00,STOP_LOSS_HIT,False,-2.12,-121.5
trial_NATIONALUM_NS_1788976750,NATIONALUM.NS,BUY,27,377.6000061035156,2026-09-09T17:59:10.920521+00:00,10195.2,361.0,2026-09-11T17:53:15.853294+00:00,STOP_LOSS_HIT,False,-4.4,-448.2
trial_OLAELEC_NS_1789062709,OLAELEC.NS,BUY,335,39.150001525878906,2026-09-10T17:51:49.886242+00:00,13115.25,38.540000915527344,2026-09-11T17:53:19.583639+00:00,STOP_LOSS_HIT,False,-1.56,-204.35
trial_STARHEALTH_NS_1789062742,STARHEALTH.NS,BUY,10,576.25,2026-09-10T17:52:22.737554+00:00,5762.5,562.7000122070312,2026-09-11T17:53:46.572632+00:00,STOP_LOSS_HIT,False,-2.35,-135.5
trial_TECHM_NS_1788976807,TECHM.NS,SELL,6,1508.0,2026-09-09T18:00:07.836731+00:00,9048.0,1541.0,2026-09-11T17:54:00.889124+00:00,STOP_LOSS_HIT,False,-2.19,-198.0
trial_ACUTAAS_NS_1788976628,ACUTAAS.NS,BUY,1,3241.800048828125,2026-09-09T17:57:08.785482+00:00,3241.8,3266.199951171875,2026-09-15T18:25:43.645356+00:00,STOP_LOSS_HIT,True,0.75,24.4
trial_ADANIENT_NS_1788976629,ADANIENT.NS,BUY,4,3104.699951171875,2026-09-09T17:57:09.447614+00:00,12418.8,2928.60009765625,2026-09-15T18:25:44.090766+00:00,STOP_LOSS_HIT,False,-5.67,-704.4
trial_ADANIPORTS_NS_1788976630,ADANIPORTS.NS,BUY,7,1775.0,2026-09-09T17:57:10.161921+00:00,12425.0,1713.800048828125,2026-09-15T18:25:44.502245+00:00,STOP_LOSS_HIT,False,-3.45,-428.4
trial_ABCAPITAL_NS_1788976630,ABCAPITAL.NS,BUY,28,400.0,2026-09-09T17:57:10.883794+00:00,11200.0,378.79998779296875,2026-09-15T18:25:45.154818+00:00,STOP_LOSS_HIT,False,-5.3,-593.6
trial_ABSLAMC_NS_1788976631,ABSLAMC.NS,BUY,4,1066.5,2026-09-09T17:57:11.865555+00:00,4266.0,1037.9000244140625,2026-09-15T18:25:45.965262+00:00,STOP_LOSS_HIT,True,-2.68,-114.4
trial_ANGELONE_NS_1789149084,ANGELONE.NS,BUY,39,305.0,2026-09-11T17:51:24.084453+00:00,11895.0,297.5,2026-09-15T18:25:49.267196+00:00,STOP_LOSS_HIT,False,-2.46,-292.5
trial_AIIL_NS_1789149087,AIIL.NS,BUY,13,544.3499755859375,2026-09-11T17:51:27.563331+00:00,7076.55,529.8499755859375,2026-09-15T18:25:52.561801+00:00,STOP_LOSS_HIT,False,-2.66,-188.5
trial_EMMVEE_NS_1788465990,EMMVEE.NS,BUY,113,324.70001220703125,2026-09-03T20:06:30.958652+00:00,36691.1,328.54998779296875,2026-09-15T18:26:28.940633+00:00,STOP_LOSS_HIT,True,1.19,435.05
trial_FIVESTAR_NS_1788976680,FIVESTAR.NS,BUY,14,533.0499877929688,2026-09-09T17:58:00.280275+00:00,7462.7,541.9500122070312,2026-09-15T18:26:32.097493+00:00,STOP_LOSS_HIT,True,1.67,124.6
trial_GESHIP_NS_1788807071,GESHIP.NS,BUY,8,1369.699951171875,2026-09-07T18:51:11.923337+00:00,10957.6,1390.4000244140625,2026-09-15T18:26:39.217785+00:00,STOP_LOSS_HIT,True,1.51,165.6
trial_GMDCLTD_NS_1789062639,GMDCLTD.NS,BUY,18,580.4000244140625,2026-09-10T17:50:39.041615+00:00,10447.2,553.4500122070312,2026-09-15T18:26:39.640229+00:00,STOP_LOSS_HIT,False,-4.64,-485.1
trial_LTF_NS_1788466052,LTF.NS,BUY,95,312.79998779296875,2026-09-03T20:07:32.718962+00:00,29716.0,296.79998779296875,2026-09-15T18:27:13.938970+00:00,STOP_LOSS_HIT,False,-5.12,-1520.0
trial_NAM-INDIA_NS_1789062707,NAM-INDIA.NS,BUY,11,1185.0,2026-09-10T17:51:47.635482+00:00,13035.0,1153.0999755859375,2026-09-15T18:27:36.573394+00:00,STOP_LOSS_HIT,False,-2.69,-350.9
trial_PCBL_NS_1788890648,PCBL.NS,BUY,28,328.79998779296875,2026-09-08T18:04:08.869426+00:00,9206.4,314.04998779296875,2026-09-15T18:27:40.953567+00:00,STOP_LOSS_HIT,False,-4.49,-413.0
trial_SAREGAMA_NS_1788890666,SAREGAMA.NS,BUY,11,497.1000061035156,2026-09-08T18:04:26.981413+00:00,5468.1,485.5,2026-09-15T18:28:02.469235+00:00,STOP_LOSS_HIT,False,-2.33,-127.6
trial_TIMKEN_NS_1789062764,TIMKEN.NS,BUY,1,3297.199951171875,2026-09-10T17:52:44.495122+00:00,3297.2,3151.199951171875,2026-09-15T18:28:26.040815+00:00,STOP_LOSS_HIT,False,-4.43,-146.0
trial_YESBANK_NS_1789149258,YESBANK.NS,BUY,781,23.479999542236328,2026-09-11T17:54:18.229872+00:00,18337.88,23.06999969482422,2026-09-15T18:28:37.948529+00:00,STOP_LOSS_HIT,False,-1.75,-320.21
trial_ZYDUSWELL_NS_1788466154,ZYDUSWELL.NS,BUY,19,534.5999755859375,2026-09-03T20:09:14.006055+00:00,10157.4,549.9500122070312,2026-09-15T18:28:39.620249+00:00,STOP_LOSS_HIT,True,2.87,291.65
trial_APOLLOHOSP_NS_1788890561,APOLLOHOSP.NS,BUY,1,8837.5,2026-09-08T18:02:41.985646+00:00,8837.5,8696.5,2026-09-16T18:22:34.926564+00:00,STOP_LOSS_HIT,False,-1.6,-141.0
trial_GROWW_NS_1789062594,GROWW.NS,BUY,56,195.83999633789062,2026-09-10T17:49:54.567607+00:00,10967.04,189.75999450683594,2026-09-16T18:22:44.467388+00:00,STOP_LOSS_HIT,False,-3.1,-340.48
trial_CONCOR_NS_1789149113,CONCOR.NS,SELL,24,499.25,2026-09-11T17:51:53.933496+00:00,11982.0,488.79998779296875,2026-09-16T18:22:57.063941+00:00,STOP_LOSS_HIT,True,2.09,250.8
trial_EMCURE_NS_1788543894,EMCURE.NS,BUY,5,1927.5999755859375,2026-09-04T17:44:54.639848+00:00,9638.0,1931.9000244140625,2026-09-16T18:23:01.874854+00:00,STOP_LOSS_HIT,True,0.22,21.5
trial_FSL_NS_1789496791,FSL.NS,BUY,44,283.3500061035156,2026-09-15T18:26:31.888125+00:00,12467.4,277.75,2026-09-16T18:23:06.862077+00:00,STOP_LOSS_HIT,False,-1.98,-246.4
trial_IKS_NS_1789496818,IKS.NS,BUY,2,1783.0,2026-09-15T18:26:58.142050+00:00,3566.0,1752.0,2026-09-16T18:23:26.961648+00:00,STOP_LOSS_HIT,False,-1.74,-62.0
trial_JSWSTEEL_NS_1789496824,JSWSTEEL.NS,SELL,8,1229.199951171875,2026-09-15T18:27:04.823824+00:00,9833.6,1248.9000244140625,2026-09-16T18:23:31.697106+00:00,STOP_LOSS_HIT,False,-1.6,-157.6
trial_LODHA_NS_1789496843,LODHA.NS,SELL,8,1064.800048828125,2026-09-15T18:27:23.416685+00:00,8518.4,1087.4000244140625,2026-09-16T18:23:48.717462+00:00,STOP_LOSS_HIT,False,-2.12,-180.8
trial_MARICO_NS_1789496846,MARICO.NS,SELL,15,791.25,2026-09-15T18:27:26.151479+00:00,11868.75,810.1500244140625,2026-09-16T18:23:50.447030+00:00,STOP_LOSS_HIT,False,-2.39,-283.5
trial_NATIONALUM_NS_1789496854,NATIONALUM.NS,SELL,25,350.54998779296875,2026-09-15T18:27:34.944154+00:00,8763.75,356.0,2026-09-16T18:23:58.472447+00:00,STOP_LOSS_HIT,False,-1.55,-136.25
trial_NESTLEIND_NS_1789496855,NESTLEIND.NS,SELL,6,1362.0,2026-09-15T18:27:35.752050+00:00,8172.0,1384.5,2026-09-16T18:23:58.999387+00:00,STOP_LOSS_HIT,False,-1.65,-135.0
trial_OBEROIRLTY_NS_1789496857,OBEROIRLTY.NS,SELL,2,1668.5,2026-09-15T18:27:37.419518+00:00,3337.0,1706.9000244140625,2026-09-16T18:24:00.100753+00:00,STOP_LOSS_HIT,False,-2.3,-76.8
trial_PWL_NS_1788543959,PWL.NS,BUY,170,126.41999816894531,2026-09-04T17:45:59.013802+00:00,21491.4,127.52999877929688,2026-09-16T18:24:08.391987+00:00,STOP_LOSS_HIT,True,0.88,188.7
trial_TATAINVEST_NS_1789496895,TATAINVEST.NS,BUY,8,718.3499755859375,2026-09-15T18:28:15.591073+00:00,5746.8,681.9500122070312,2026-09-16T18:24:32.141528+00:00,STOP_LOSS_HIT,False,-5.07,-291.2
trial_UNOMINDA_NS_1789496909,UNOMINDA.NS,SELL,4,1159.699951171875,2026-09-15T18:28:29.159465+00:00,4638.8,1186.0,2026-09-16T18:24:44.017503+00:00,STOP_LOSS_HIT,False,-2.27,-105.2
trial_VTL_NS_1789496914,VTL.NS,SELL,9,547.0,2026-09-15T18:28:34.828858+00:00,4923.0,571.75,2026-09-16T18:24:48.525066+00:00,STOP_LOSS_HIT,False,-4.52,-222.75
trial_ZFCVINDIA_NS_1789062779,ZFCVINDIA.NS,BUY,2,2528.39990234375,2026-09-10T17:52:59.441207+00:00,5056.8,2461.5,2026-09-16T18:24:50.902956+00:00,STOP_LOSS_HIT,False,-2.65,-133.8
trial_CDSL_NS_1789062607,CDSL.NS,SELL,5,1355.0,2026-09-10T17:50:07.146608+00:00,6775.0,1349.4000244140625,2026-09-17T18:29:51.821743+00:00,STOP_LOSS_HIT,True,0.41,28.0
trial_CUMMINSIND_NS_1789496780,CUMMINSIND.NS,SELL,1,4874.0,2026-09-15T18:26:20.149104+00:00,4874.0,5020.0,2026-09-17T18:29:57.464206+00:00,STOP_LOSS_HIT,False,-3.0,-146.0
trial_DLF_NS_1789149116,DLF.NS,SELL,19,644.5,2026-09-11T17:51:56.213183+00:00,12245.5,640.0,2026-09-17T18:29:58.281995+00:00,STOP_LOSS_HIT,True,0.7,85.5
trial_ANURAS_NS_1788465932,ANURAS.NS,SELL,29,1240.300048828125,2026-09-03T20:05:32.464316+00:00,35968.7,1207.699951171875,2026-09-18T17:49:44.221333+00:00,STOP_LOSS_HIT,True,2.63,945.4
trial_ASHOKLEY_NS_1789496751,ASHOKLEY.NS,SELL,135,156.64999389648438,2026-09-15T18:25:51.057791+00:00,21147.75,163.0,2026-09-18T17:49:45.790989+00:00,STOP_LOSS_HIT,False,-4.05,-857.25
trial_BALKRISIND_NS_1788543870,BALKRISIND.NS,SELL,7,2284.60009765625,2026-09-04T17:44:30.613184+00:00,15992.2,2265.300048828125,2026-09-18T17:49:49.999957+00:00,STOP_LOSS_HIT,True,0.84,135.1
trial_CHOICEIN_NS_1789496775,CHOICEIN.NS,SELL,9,740.4000244140625,2026-09-15T18:26:15.199025+00:00,6663.6,763.8499755859375,2026-09-18T17:50:09.101333+00:00,STOP_LOSS_HIT,False,-3.17,-211.05
trial_ENDURANCE_NS_1789496789,ENDURANCE.NS,SELL,2,2614.60009765625,2026-09-15T18:26:29.231811+00:00,5229.2,2732.0,2026-09-18T17:50:22.425082+00:00,STOP_LOSS_HIT,False,-4.49,-234.8
trial_FEDERALBNK_NS_1788890595,FEDERALBNK.NS,BUY,52,344.1499938964844,2026-09-08T18:03:15.216267+00:00,17895.8,332.75,2026-09-18T17:50:24.048566+00:00,STOP_LOSS_HIT,False,-3.31,-592.8
trial_HINDCOPPER_NS_1789582994,HINDCOPPER.NS,SELL,21,481.6000061035156,2026-09-16T18:23:14.983107+00:00,10113.6,497.3999938964844,2026-09-18T17:50:35.542695+00:00,STOP_LOSS_HIT,False,-3.28,-331.8
trial_HINDZINC_NS_1789496804,HINDZINC.NS,SELL,26,560.9000244140625,2026-09-15T18:26:44.778895+00:00,14583.4,596.0,2026-09-18T17:50:36.198864+00:00,STOP_LOSS_HIT,False,-6.26,-912.6
trial_INDIGO_NS_1788466032,INDIGO.NS,SELL,5,5020.0,2026-09-03T20:07:12.433433+00:00,25100.0,4920.0,2026-09-18T17:50:49.066237+00:00,STOP_LOSS_HIT,True,1.99,500.0
trial_JSWDULUX_NS_1789583011,JSWDULUX.NS,SELL,1,3082.0,2026-09-16T18:23:31.240861+00:00,3082.0,3188.800048828125,2026-09-18T17:50:54.424161+00:00,STOP_LOSS_HIT,False,-3.47,-106.8
trial_JSL_NS_1789496829,JSL.NS,SELL,9,723.5499877929688,2026-09-15T18:27:09.396981+00:00,6511.95,750.9500122070312,2026-09-18T17:50:59.489045+00:00,STOP_LOSS_HIT,False,-3.79,-246.6
trial_JINDALSTEL_NS_1789496829,JINDALSTEL.NS,SELL,7,1095.0,2026-09-15T18:27:09.631916+00:00,7665.0,1119.5,2026-09-18T17:50:59.717370+00:00,STOP_LOSS_HIT,False,-2.24,-171.5
trial_LT_NS_1788890630,LT.NS,SELL,3,3946.10009765625,2026-09-08T18:03:50.445893+00:00,11838.3,3885.0,2026-09-18T17:51:08.838131+00:00,STOP_LOSS_HIT,True,1.55,183.3
trial_NSLNISP_NS_1789496853,NSLNISP.NS,SELL,232,41.45000076293945,2026-09-15T18:27:33.802128+00:00,9616.4,42.599998474121094,2026-09-18T17:51:24.087827+00:00,STOP_LOSS_HIT,False,-2.77,-266.8
trial_NH_NS_1789583038,NH.NS,SELL,2,1851.5999755859375,2026-09-16T18:23:58.297673+00:00,3703.2,1928.5,2026-09-18T17:51:24.720165+00:00,STOP_LOSS_HIT,False,-4.15,-153.8
trial_PERSISTENT_NS_1789062714,PERSISTENT.NS,BUY,1,5509.5,2026-09-10T17:51:54.763784+00:00,5509.5,5416.0,2026-09-18T17:51:32.060228+00:00,STOP_LOSS_HIT,False,-1.7,-93.5
trial_PIDILITIND_NS_1789496867,PIDILITIND.NS,SELL,4,1521.0999755859375,2026-09-15T18:27:47.908141+00:00,6084.4,1572.0999755859375,2026-09-18T17:51:36.673810+00:00,STOP_LOSS_HIT,False,-3.35,-204.0
trial_POONAWALLA_NS_1789149214,POONAWALLA.NS,SELL,28,445.25,2026-09-11T17:53:34.969929+00:00,12467.0,479.3999938964844,2026-09-18T17:51:44.157199+00:00,STOP_LOSS_HIT,False,-7.67,-956.2
trial_SCI_NS_1789496883,SCI.NS,SELL,26,269.04998779296875,2026-09-15T18:28:03.228817+00:00,6995.3,277.04998779296875,2026-09-18T17:51:55.815333+00:00,STOP_LOSS_HIT,False,-2.97,-208.0
trial_TATACAP_NS_1789669926,TATACAP.NS,SELL,30,343.5,2026-09-17T18:32:06.636694+00:00,10305.0,351.3500061035156,2026-09-18T17:52:09.438541+00:00,STOP_LOSS_HIT,False,-2.29,-235.5
trial_TATACHEM_NS_1789496893,TATACHEM.NS,BUY,6,734.9000244140625,2026-09-15T18:28:13.768248+00:00,4409.4,693.25,2026-09-18T17:52:09.834814+00:00,STOP_LOSS_HIT,False,-5.67,-249.9
trial_TECHM_NS_1789496900,TECHM.NS,BUY,4,1575.9000244140625,2026-09-15T18:28:20.549970+00:00,6303.6,1537.0999755859375,2026-09-18T17:52:18.104802+00:00,STOP_LOSS_HIT,False,-2.46,-155.2
trial_TITAGARH_NS_1789496906,TITAGARH.NS,SELL,6,811.4500122070312,2026-09-15T18:28:26.343731+00:00,4868.7,837.6500244140625,2026-09-18T17:52:24.578795+00:00,STOP_LOSS_HIT,False,-3.23,-157.2
trial_TITAN_NS_1789583082,TITAN.NS,BUY,1,4908.5,2026-09-16T18:24:42.335448+00:00,4908.5,4798.5,2026-09-18T17:52:25.015585+00:00,STOP_LOSS_HIT,False,-2.24,-110.0
trial_TRAVELFOOD_NS_1789149248,TRAVELFOOD.NS,SELL,4,1253.5999755859375,2026-09-11T17:54:08.069073+00:00,5014.4,1256.0999755859375,2026-09-18T17:52:26.465122+00:00,STOP_LOSS_HIT,True,-0.2,-10.0
trial_TRITURBINE_NS_1788976817,TRITURBINE.NS,SELL,9,565.0499877929688,2026-09-09T18:00:17.741855+00:00,5085.45,567.7999877929688,2026-09-18T17:52:27.653486+00:00,STOP_LOSS_HIT,True,-0.49,-24.75
trial_AUBANK_NS_1789753776,AUBANK.NS,BUY,11,1058.5999755859375,2026-09-18T17:49:36.676803+00:00,11644.6,1036.4000244140625,2026-09-22T18:14:15.163580+00:00,STOP_LOSS_HIT,False,-2.1,-244.2
trial_ATGL_NS_1789753779,ATGL.NS,BUY,14,660.7000122070312,2026-09-18T17:49:39.495607+00:00,9249.8,626.25,2026-09-22T18:14:17.079144+00:00,STOP_LOSS_HIT,False,-5.21,-482.3
trial_ABCAPITAL_NS_1789753779,ABCAPITAL.NS,BUY,27,410.04998779296875,2026-09-18T17:49:39.808487+00:00,11071.35,397.0,2026-09-22T18:14:17.184812+00:00,STOP_LOSS_HIT,False,-3.18,-352.35
trial_ABSLAMC_NS_1789582952,ABSLAMC.NS,BUY,4,1058.4000244140625,2026-09-16T18:22:32.140592+00:00,4233.6,1027.0,2026-09-22T18:14:17.769955+00:00,STOP_LOSS_HIT,False,-2.97,-125.6
trial_AIIL_NS_1789753787,AIIL.NS,BUY,14,559.0,2026-09-18T17:49:47.468269+00:00,7826.0,546.9000244140625,2026-09-22T18:14:22.670219+00:00,STOP_LOSS_HIT,False,-2.16,-169.4
trial_BIOCON_NS_1788543876,BIOCON.NS,SELL,67,397.3999938964844,2026-09-04T17:44:36.858020+00:00,26625.8,390.0,2026-09-22T18:14:31.009239+00:00,STOP_LOSS_HIT,True,1.86,495.8
trial_CDSL_NS_1789753808,CDSL.NS,BUY,6,1390.0,2026-09-18T17:50:08.148784+00:00,8340.0,1348.0,2026-09-22T18:14:40.420693+00:00,STOP_LOSS_HIT,False,-3.02,-252.0
trial_COALINDIA_NS_1789496776,COALINDIA.NS,SELL,48,419.25,2026-09-15T18:26:16.756974+00:00,20124.0,428.0,2026-09-22T18:14:43.238072+00:00,STOP_LOSS_HIT,False,-2.09,-420.0
trial_CONCOR_NS_1789753812,CONCOR.NS,BUY,17,504.54998779296875,2026-09-18T17:50:12.210071+00:00,8577.35,467.0,2026-09-22T18:14:45.584163+00:00,STOP_LOSS_HIT,False,-7.44,-638.35
trial_DEEPAKNTR_NS_1788890586,DEEPAKNTR.NS,SELL,4,1647.800048828125,2026-09-08T18:03:06.840511+00:00,6591.2,1613.199951171875,2026-09-22T18:14:47.818721+00:00,STOP_LOSS_HIT,True,2.1,138.4
trial_FLUOROCHEM_NS_1789753831,FLUOROCHEM.NS,BUY,1,4586.7001953125,2026-09-18T17:50:31.166715+00:00,4586.7,4487.2001953125,2026-09-22T18:15:02.120107+00:00,STOP_LOSS_HIT,False,-2.17,-99.5
trial_HEROMOTOCO_NS_1788976690,HEROMOTOCO.NS,SELL,1,5218.0,2026-09-09T17:58:10.384532+00:00,5218.0,5373.0,2026-09-22T18:15:05.114606+00:00,STOP_LOSS_HIT,False,-2.97,-155.0
trial_HOMEFIRST_NS_1789753836,HOMEFIRST.NS,BUY,4,1241.300048828125,2026-09-18T17:50:36.555929+00:00,4965.2,1212.5,2026-09-22T18:15:07.180257+00:00,STOP_LOSS_HIT,False,-2.32,-115.2
trial_ICICIAMC_NS_1789753841,ICICIAMC.NS,BUY,2,3206.699951171875,2026-09-18T17:50:41.619295+00:00,6413.4,3151.199951171875,2026-09-22T18:15:11.711080+00:00,STOP_LOSS_HIT,False,-1.73,-111.0
trial_JSWDULUX_NS_1790019711,JSWDULUX.NS,BUY,1,3188.800048828125,2026-09-21T19:41:51.216079+00:00,3188.8,3137.10009765625,2026-09-22T18:15:22.415966+00:00,STOP_LOSS_HIT,False,-1.62,-51.7
trial_KARURVYSYA_NS_1789583018,KARURVYSYA.NS,BUY,30,334.79998779296875,2026-09-16T18:23:38.294129+00:00,10044.0,320.1499938964844,2026-09-22T18:15:31.061621+00:00,STOP_LOSS_HIT,False,-4.38,-439.5
trial_LTF_NS_1789753864,LTF.NS,BUY,34,312.79998779296875,2026-09-18T17:51:04.225808+00:00,10635.2,304.8999938964844,2026-09-22T18:15:32.017944+00:00,STOP_LOSS_HIT,False,-2.53,-268.6
trial_NH_NS_1790019734,NH.NS,BUY,2,1928.5,2026-09-21T19:42:14.718982+00:00,3857.0,1883.300048828125,2026-09-22T18:15:49.306006+00:00,STOP_LOSS_HIT,False,-2.34,-90.4
trial_OLAELEC_NS_1789496859,OLAELEC.NS,SELL,223,38.029998779296875,2026-09-15T18:27:39.533658+00:00,8480.69,37.779998779296875,2026-09-22T18:15:51.997503+00:00,STOP_LOSS_HIT,True,0.66,55.75
trial_PETRONET_NS_1789753892,PETRONET.NS,BUY,36,292.6000061035156,2026-09-18T17:51:32.473217+00:00,10533.6,281.75,2026-09-22T18:15:55.787972+00:00,STOP_LOSS_HIT,False,-3.71,-390.6
trial_POLYMED_NS_1789753903,POLYMED.NS,BUY,2,1726.0,2026-09-18T17:51:43.656512+00:00,3452.0,1699.0,2026-09-22T18:16:07.011564+00:00,STOP_LOSS_HIT,False,-1.56,-54.0
trial_POONAWALLA_NS_1790019750,POONAWALLA.NS,BUY,13,479.3999938964844,2026-09-21T19:42:30.514779+00:00,6232.2,471.8999938964844,2026-09-22T18:16:07.368692+00:00,STOP_LOSS_HIT,False,-1.56,-97.5
trial_PRESTIGE_NS_1789149215,PRESTIGE.NS,SELL,6,1498.0,2026-09-11T17:53:35.903321+00:00,8988.0,1479.5999755859375,2026-09-22T18:16:08.010757+00:00,STOP_LOSS_HIT,True,1.23,110.4
trial_RAINBOW_NS_1789062732,RAINBOW.NS,BUY,4,1460.0999755859375,2026-09-10T17:52:12.817304+00:00,5840.4,1430.9000244140625,2026-09-22T18:16:09.605655+00:00,STOP_LOSS_HIT,False,-2.0,-116.8
trial_SCHAEFFLER_NS_1789753914,SCHAEFFLER.NS,BUY,1,4217.60009765625,2026-09-18T17:51:54.934864+00:00,4217.6,4054.199951171875,2026-09-22T18:16:12.814140+00:00,STOP_LOSS_HIT,False,-3.87,-163.4
trial_TATACOMM_NS_1788543980,TATACOMM.NS,BUY,4,1756.0999755859375,2026-09-04T17:46:20.351661+00:00,7024.4,1692.4000244140625,2026-09-22T18:16:23.450275+00:00,STOP_LOSS_HIT,False,-3.63,-254.8
trial_UNOMINDA_NS_1789753948,UNOMINDA.NS,BUY,7,1284.0,2026-09-18T17:52:28.944028+00:00,8988.0,1226.0,2026-09-22T18:16:36.177088+00:00,STOP_LOSS_HIT,False,-4.52,-406.0
trial_UNITDSPR_NS_1789496910,UNITDSPR.NS,SELL,3,1370.5999755859375,2026-09-15T18:28:30.919673+00:00,4111.8,1398.0,2026-09-22T18:16:37.116310+00:00,STOP_LOSS_HIT,False,-2.0,-82.2
trial_360ONE_NS_1788890555,360ONE.NS,SELL,12,1110.0,2026-09-08T18:02:35.634024+00:00,13320.0,1108.0,2026-09-24T18:37:27.185209+00:00,STOP_LOSS_HIT,True,0.18,24.0
trial_EMMVEE_NS_1789753822,EMMVEE.NS,BUY,19,328.0,2026-09-18T17:50:22.266770+00:00,6232.0,333.1000061035156,2026-09-24T18:37:58.446447+00:00,STOP_LOSS_HIT,True,1.55,96.9
trial_EXIDEIND_NS_1789753823,EXIDEIND.NS,BUY,20,435.8500061035156,2026-09-18T17:50:23.472282+00:00,8717.0,425.95001220703125,2026-09-24T18:37:59.180227+00:00,STOP_LOSS_HIT,False,-2.27,-198.0
trial_GABRIEL_NS_1790100898,GABRIEL.NS,BUY,6,1471.4000244140625,2026-09-22T18:14:58.120338+00:00,8828.4,1428.0999755859375,2026-09-24T18:38:00.937115+00:00,STOP_LOSS_HIT,False,-2.94,-259.8
trial_HFCL_NS_1790100904,HFCL.NS,BUY,60,221.05999755859375,2026-09-22T18:15:04.786490+00:00,13263.6,217.3699951171875,2026-09-24T18:38:05.020100+00:00,STOP_LOSS_HIT,False,-1.67,-221.4
trial_NAUKRI_NS_1789496816,NAUKRI.NS,BUY,9,1261.5,2026-09-15T18:26:56.385031+00:00,11353.5,1297.0,2026-09-24T18:38:14.417434+00:00,STOP_LOSS_HIT,True,2.81,319.5
trial_KEI_NS_1788543929,KEI.NS,SELL,1,4850.0,2026-09-04T17:45:29.770803+00:00,4850.0,4722.5,2026-09-24T18:38:25.051635+00:00,STOP_LOSS_HIT,True,2.63,127.5
trial_NATIONALUM_NS_1789753885,NATIONALUM.NS,SELL,25,350.5,2026-09-18T17:51:25.062305+00:00,8762.5,363.45001220703125,2026-09-24T18:38:43.582797+00:00,STOP_LOSS_HIT,False,-3.69,-323.75
trial_NESTLEIND_NS_1790100950,NESTLEIND.NS,SELL,10,1363.9000244140625,2026-09-22T18:15:50.368043+00:00,13639.0,1387.199951171875,2026-09-24T18:38:44.052322+00:00,STOP_LOSS_HIT,False,-1.71,-233.0
trial_TATACAP_NS_1790100983,TATACAP.NS,SELL,48,341.1000061035156,2026-09-22T18:16:23.080857+00:00,16372.8,350.04998779296875,2026-09-24T18:39:09.985724+00:00,STOP_LOSS_HIT,False,-2.62,-429.6
trial_ADANIENT_NS_1789753778,ADANIENT.NS,BUY,4,3020.0,2026-09-18T17:49:38.736880+00:00,12080.0,2900.0,2026-09-25T18:50:13.812248+00:00,STOP_LOSS_HIT,False,-3.97,-480.0
trial_ADANIPORTS_NS_1789669754,ADANIPORTS.NS,BUY,9,1738.300048828125,2026-09-17T18:29:14.662399+00:00,15644.7,1785.300048828125,2026-09-25T18:50:14.521067+00:00,STOP_LOSS_HIT,True,2.7,423.0
trial_ABCAPITAL_NS_1790275049,ABCAPITAL.NS,BUY,36,402.45001220703125,2026-09-24T18:37:29.922040+00:00,14488.2,390.1000061035156,2026-09-25T18:50:15.765802+00:00,STOP_LOSS_HIT,False,-3.07,-444.6
trial_ANANTRAJ_NS_1789753783,ANANTRAJ.NS,BUY,13,606.1500244140625,2026-09-18T17:49:43.617195+00:00,7879.95,624.0999755859375,2026-09-25T18:50:22.737297+00:00,STOP_LOSS_HIT,True,2.96,233.35
trial_BELRISE_NS_1789753792,BELRISE.NS,BUY,54,240.17999267578125,2026-09-18T17:49:52.061405+00:00,12969.72,243.6300048828125,2026-09-25T18:50:36.439943+00:00,STOP_LOSS_HIT,True,1.44,186.3
trial_BHEL_NS_1789669777,BHEL.NS,BUY,38,429.20001220703125,2026-09-17T18:29:37.225957+00:00,16309.6,415.3500061035156,2026-09-25T18:50:38.387163+00:00,STOP_LOSS_HIT,False,-3.23,-526.3
trial_BRIGADE_NS_1790100873,BRIGADE.NS,BUY,12,616.5499877929688,2026-09-22T18:14:33.838560+00:00,7398.6,606.2000122070312,2026-09-25T18:50:46.734935+00:00,STOP_LOSS_HIT,False,-1.68,-124.2
trial_CEMPRO_NS_1790100879,CEMPRO.NS,BUY,3,1319.300048828125,2026-09-22T18:14:39.731264+00:00,3957.9,1268.5,2026-09-25T18:50:56.714719+00:00,STOP_LOSS_HIT,False,-3.85,-152.4
trial_FIVESTAR_NS_1790275080,FIVESTAR.NS,BUY,14,549.7000122070312,2026-09-24T18:38:00.020135+00:00,7695.8,524.8499755859375,2026-09-25T18:51:23.316940+00:00,STOP_LOSS_HIT,False,-4.52,-347.9
trial_GVT&D_NS_1790275080,GVT&D.NS,BUY,1,4417.0,2026-09-24T18:38:00.552997+00:00,4417.0,4286.2998046875,2026-09-25T18:51:24.786255+00:00,STOP_LOSS_HIT,False,-2.96,-130.7
trial_HONASA_NS_1789582996,HONASA.NS,BUY,13,469.29998779296875,2026-09-16T18:23:16.248897+00:00,6100.9,472.95001220703125,2026-09-25T18:51:42.189652+00:00,STOP_LOSS_HIT,True,0.78,47.45
trial_JSWSTEEL_NS_1790275099,JSWSTEEL.NS,BUY,12,1297.800048828125,2026-09-24T18:38:19.924172+00:00,15573.6,1273.199951171875,2026-09-25T18:52:06.776747+00:00,STOP_LOSS_HIT,False,-1.9,-295.2
trial_JINDALSAW_NS_1789753859,JINDALSAW.NS,BUY,29,289.5,2026-09-18T17:50:59.253922+00:00,8395.5,283.1000061035156,2026-09-25T18:52:11.572391+00:00,STOP_LOSS_HIT,False,-2.21,-185.6
trial_JSL_NS_1790019715,JSL.NS,BUY,11,750.9500122070312,2026-09-21T19:41:55.447633+00:00,8260.45,738.9500122070312,2026-09-25T18:52:11.952154+00:00,STOP_LOSS_HIT,False,-1.6,-132.0
trial_LTF_NS_1790275106,LTF.NS,BUY,45,310.0,2026-09-24T18:38:26.856250+00:00,13950.0,282.0,2026-09-25T18:52:20.075728+00:00,STOP_LOSS_HIT,False,-9.03,-1260.0
trial_LLOYDSME_NS_1790100940,LLOYDSME.NS,BUY,3,1857.4000244140625,2026-09-22T18:15:40.636833+00:00,5572.2,1821.9000244140625,2026-09-25T18:52:31.879675+00:00,STOP_LOSS_HIT,False,-1.91,-106.5
trial_NSLNISP_NS_1790275122,NSLNISP.NS,BUY,233,43.95000076293945,2026-09-24T18:38:42.936914+00:00,10240.35,42.540000915527344,2026-09-25T18:52:46.470035+00:00,STOP_LOSS_HIT,False,-3.21,-328.53
trial_NH_NS_1790275123,NH.NS,BUY,2,1919.300048828125,2026-09-24T18:38:43.434961+00:00,3838.6,1877.699951171875,2026-09-25T18:52:47.598316+00:00,STOP_LOSS_HIT,False,-2.17,-83.2
trial_PNBHOUSING_NS_1789753890,PNBHOUSING.NS,BUY,6,1133.0999755859375,2026-09-18T17:51:30.503145+00:00,6798.6,1094.5,2026-09-25T18:52:56.776576+00:00,STOP_LOSS_HIT,False,-3.41,-231.6
trial_SIEMENS_NS_1789753917,SIEMENS.NS,BUY,1,3913.89990234375,2026-09-18T17:51:57.739064+00:00,3913.9,3841.800048828125,2026-09-25T18:53:28.015023+00:00,STOP_LOSS_HIT,False,-1.84,-72.1
trial_TMCV_NS_1790275154,TMCV.NS,BUY,26,450.20001220703125,2026-09-24T18:39:14.074697+00:00,11705.2,437.1499938964844,2026-09-25T18:53:45.384993+00:00,STOP_LOSS_HIT,False,-2.9,-339.3
trial_NIACL_NS_1790100992,NIACL.NS,BUY,56,187.41000366210938,2026-09-22T18:16:32.995655+00:00,10494.96,180.39999389648438,2026-09-25T18:53:52.674256+00:00,STOP_LOSS_HIT,False,-3.74,-392.56
trial_TITAGARH_NS_1790275159,TITAGARH.NS,BUY,5,842.0499877929688,2026-09-24T18:39:19.433935+00:00,4210.25,819.25,2026-09-25T18:53:54.268165+00:00,STOP_LOSS_HIT,False,-2.71,-114.0
trial_TITAN_NS_1790100993,TITAN.NS,BUY,2,4928.5,2026-09-22T18:16:33.790342+00:00,9857.0,4832.5,2026-09-25T18:53:54.717721+00:00,STOP_LOSS_HIT,False,-1.95,-192.0
trial_CPPLUS_NS_1790100857,CPPLUS.NS,BUY,1,3649.5,2026-09-22T18:14:17.905594+00:00,3649.5,3687.5,2026-09-28T20:42:20.727967+00:00,STOP_LOSS_HIT,True,1.04,38.0
trial_AFFLE_NS_1789753781,AFFLE.NS,BUY,3,1603.5,2026-09-18T17:49:41.735789+00:00,4810.5,1578.0,2026-09-28T20:42:21.311300+00:00,STOP_LOSS_HIT,False,-1.59,-76.5
trial_AXISBANK_NS_1788890564,AXISBANK.NS,SELL,15,1244.9000244140625,2026-09-08T18:02:44.509135+00:00,18673.5,1222.4000244140625,2026-09-28T20:42:25.258306+00:00,STOP_LOSS_HIT,True,1.81,337.5
trial_BAJFINANCE_NS_1790362231,BAJFINANCE.NS,SELL,11,982.0,2026-09-25T18:50:31.700526+00:00,10802.0,996.9000244140625,2026-09-28T20:42:26.032644+00:00,STOP_LOSS_HIT,False,-1.52,-163.9
trial_CHALET_NS_1789753808,CHALET.NS,BUY,5,865.6500244140625,2026-09-18T17:50:08.357914+00:00,4328.25,881.3499755859375,2026-09-28T20:42:41.630634+00:00,STOP_LOSS_HIT,True,1.81,78.5
trial_IKS_NS_1789753849,IKS.NS,BUY,2,1779.9000244140625,2026-09-18T17:50:49.646581+00:00,3559.8,1815.800048828125,2026-09-28T20:43:17.312898+00:00,STOP_LOSS_HIT,True,2.02,71.8
trial_MARICO_NS_1790275117,MARICO.NS,BUY,15,832.2999877929688,2026-09-24T18:38:37.468507+00:00,12484.5,819.0,2026-09-28T20:43:42.489134+00:00,STOP_LOSS_HIT,False,-1.6,-199.5
trial_OLAELEC_NS_1790275125,OLAELEC.NS,BUY,256,41.869998931884766,2026-09-24T18:38:45.500017+00:00,10718.72,38.47999954223633,2026-09-28T20:43:51.737629+00:00,STOP_LOSS_HIT,False,-8.1,-867.84
trial_ENRIN_NS_1790275143,ENRIN.NS,SELL,1,3214.39990234375,2026-09-24T18:39:03.617768+00:00,3214.4,3313.0,2026-09-28T20:44:13.036975+00:00,STOP_LOSS_HIT,False,-3.07,-98.6
trial_TIMKEN_NS_1790275159,TIMKEN.NS,BUY,1,3287.89990234375,2026-09-24T18:39:19.285867+00:00,3287.9,3206.10009765625,2026-09-28T20:44:29.979529+00:00,STOP_LOSS_HIT,False,-2.49,-81.8
trial_USHAMART_NS_1789753955,USHAMART.NS,BUY,17,507.20001220703125,2026-09-18T17:52:35.397652+00:00,8622.4,518.7999877929688,2026-09-28T20:44:37.480436+00:00,STOP_LOSS_HIT,True,2.29,197.2
trial_ACUTAAS_NS_1790362213,ACUTAAS.NS,BUY,1,3283.699951171875,2026-09-25T18:50:13.075484+00:00,3283.7,3214.39990234375,2026-09-29T19:35:41.645172+00:00,STOP_LOSS_HIT,False,-2.11,-69.3
trial_MAHABANK_NS_1789753791,MAHABANK.NS,BUY,189,83.54000091552734,2026-09-18T17:49:51.245871+00:00,15789.06,80.8499984741211,2026-09-29T19:35:50.995961+00:00,STOP_LOSS_HIT,False,-3.22,-508.41
trial_BHEL_NS_1790628149,BHEL.NS,BUY,43,418.95001220703125,2026-09-28T20:42:29.910637+00:00,18014.85,411.8999938964844,2026-09-29T19:35:54.074211+00:00,STOP_LOSS_HIT,False,-1.68,-303.15
trial_BLUEJET_NS_1789753798,BLUEJET.NS,BUY,9,575.25,2026-09-18T17:49:58.841612+00:00,5177.25,557.2999877929688,2026-09-29T19:35:58.753651+00:00,STOP_LOSS_HIT,False,-3.12,-161.55
trial_CGPOWER_NS_1789753801,CGPOWER.NS,BUY,13,892.0,2026-09-18T17:50:01.428480+00:00,11596.0,865.0,2026-09-29T19:36:00.232571+00:00,STOP_LOSS_HIT,False,-3.03,-351.0
trial_CANHLIFE_NS_1789062604,CANHLIFE.NS,BUY,42,152.36000061035156,2026-09-10T17:50:04.052102+00:00,6399.12,147.77999877929688,2026-09-29T19:36:04.458540+00:00,STOP_LOSS_HIT,False,-3.01,-192.36
trial_CUB_NS_1790628163,CUB.NS,BUY,52,225.57000732421875,2026-09-28T20:42:43.018160+00:00,11729.64,215.99000549316406,2026-09-29T19:36:07.693885+00:00,STOP_LOSS_HIT,False,-4.25,-498.16
trial_ELGIEQUIP_NS_1789753818,ELGIEQUIP.NS,BUY,8,609.5499877929688,2026-09-18T17:50:18.574588+00:00,4876.4,598.8499755859375,2026-09-29T19:36:14.475822+00:00,STOP_LOSS_HIT,False,-1.76,-85.6
trial_NYKAA_NS_1789753823,NYKAA.NS,BUY,25,332.1499938964844,2026-09-18T17:50:23.616852+00:00,8303.75,325.5,2026-09-29T19:36:19.991047+00:00,STOP_LOSS_HIT,False,-2.0,-166.25
trial_HEROMOTOCO_NS_1790362297,HEROMOTOCO.NS,SELL,1,5296.0,2026-09-25T18:51:37.925046+00:00,5296.0,5390.0,2026-09-29T19:36:30.634754+00:00,STOP_LOSS_HIT,False,-1.77,-94.0
trial_HINDZINC_NS_1790019697,HINDZINC.NS,BUY,20,596.0,2026-09-21T19:41:37.772576+00:00,11920.0,573.0,2026-09-29T19:36:32.321452+00:00,STOP_LOSS_HIT,False,-3.86,-460.0
trial_JSWINFRA_NS_1789753854,JSWINFRA.NS,BUY,26,348.25,2026-09-18T17:50:54.951391+00:00,9054.5,348.75,2026-09-29T19:36:46.385267+00:00,STOP_LOSS_HIT,True,0.14,13.0
trial_JINDALSAW_NS_1790628207,JINDALSAW.NS,BUY,35,285.5,2026-09-28T20:43:27.304238+00:00,9992.5,276.1499938964844,2026-09-29T19:36:50.207662+00:00,STOP_LOSS_HIT,False,-3.27,-327.25
trial_KPRMILL_NS_1789496831,KPRMILL.NS,BUY,4,1120.199951171875,2026-09-15T18:27:11.090770+00:00,4480.8,1101.199951171875,2026-09-29T19:36:51.668274+00:00,STOP_LOSS_HIT,False,-1.7,-76.0
trial_KAJARIACER_NS_1790275105,KAJARIACER.NS,BUY,5,1216.4000244140625,2026-09-24T18:38:25.413849+00:00,6082.0,1189.5,2026-09-29T19:36:52.081146+00:00,STOP_LOSS_HIT,False,-2.21,-134.5
trial_LTFOODS_NS_1789753868,LTFOODS.NS,BUY,18,423.20001220703125,2026-09-18T17:51:08.282087+00:00,7617.6,408.5,2026-09-29T19:36:58.363431+00:00,STOP_LOSS_HIT,False,-3.47,-264.6
trial_LODHA_NS_1790275115,LODHA.NS,BUY,8,1162.5,2026-09-24T18:38:35.856607+00:00,9300.0,1117.0999755859375,2026-09-29T19:37:02.934713+00:00,STOP_LOSS_HIT,False,-3.91,-363.2
trial_OIL_NS_1790362372,OIL.NS,BUY,30,479.0,2026-09-25T18:52:52.856331+00:00,14370.0,468.0,2026-09-29T19:37:14.050223+00:00,STOP_LOSS_HIT,False,-2.3,-330.0
trial_POLYMED_NS_1790275137,POLYMED.NS,BUY,2,1726.5999755859375,2026-09-24T18:38:57.849935+00:00,3453.2,1636.699951171875,2026-09-29T19:37:31.035958+00:00,STOP_LOSS_HIT,False,-5.21,-179.8
trial_RRKABEL_NS_1790362395,RRKABEL.NS,BUY,2,2529.800048828125,2026-09-25T18:53:15.533578+00:00,5059.6,2459.800048828125,2026-09-29T19:37:32.339042+00:00,STOP_LOSS_HIT,False,-2.77,-140.0
trial_SAREGAMA_NS_1789753914,SAREGAMA.NS,BUY,10,499.8999938964844,2026-09-18T17:51:54.586532+00:00,4999.0,489.6000061035156,2026-09-29T19:37:36.416826+00:00,STOP_LOSS_HIT,False,-2.06,-103.0
trial_SIEMENS_NS_1790628253,SIEMENS.NS,BUY,1,3877.0,2026-09-28T20:44:13.190840+00:00,3877.0,3785.5,2026-09-29T19:37:38.729652+00:00,STOP_LOSS_HIT,False,-2.36,-91.5
trial_TATASTEEL_NS_1790275154,TATASTEEL.NS,BUY,56,190.82000732421875,2026-09-24T18:39:14.616745+00:00,10685.92,186.3000030517578,2026-09-29T19:37:50.921310+00:00,STOP_LOSS_HIT,False,-2.37,-253.12
trial_UNIONBANK_NS_1790275161,UNIONBANK.NS,BUY,51,180.0,2026-09-24T18:39:21.823435+00:00,9180.0,171.75,2026-09-29T19:37:59.263515+00:00,STOP_LOSS_HIT,False,-4.58,-420.75
trial_UNITDSPR_NS_1790275162,UNITDSPR.NS,BUY,3,1441.0,2026-09-24T18:39:22.127201+00:00,4323.0,1415.4000244140625,2026-09-29T19:37:59.583953+00:00,STOP_LOSS_HIT,False,-1.78,-76.8
trial_IDEA_NS_1790101001,IDEA.NS,BUY,1073,14.270000457763672,2026-09-22T18:16:41.372641+00:00,15311.71,13.470000267028809,2026-09-29T19:38:00.886693+00:00,STOP_LOSS_HIT,False,-5.61,-858.4
trial_ADANIGREEN_NS_1790710542,ADANIGREEN.NS,SELL,6,1235.0,2026-09-29T19:35:42.132457+00:00,7410.0,1260.0,2026-09-30T19:35:35.390873+00:00,STOP_LOSS_HIT,False,-2.02,-150.0
trial_ANANDRATHI_NS_1790710545,ANANDRATHI.NS,BUY,2,2146.199951171875,2026-09-29T19:35:45.049952+00:00,4292.4,2100.60009765625,2026-09-30T19:35:39.144249+00:00,STOP_LOSS_HIT,False,-2.12,-91.2
trial_COFORGE_NS_1789669794,COFORGE.NS,BUY,6,1793.0,2026-09-17T18:29:54.980762+00:00,10758.0,1722.0,2026-09-30T19:36:02.699092+00:00,STOP_LOSS_HIT,False,-3.96,-426.0
trial_GAIL_NS_1788465996,GAIL.NS,BUY,314,173.0,2026-09-03T20:06:36.965519+00:00,54322.0,170.0399932861328,2026-09-30T19:36:14.984706+00:00,STOP_LOSS_HIT,False,-1.71,-929.44
trial_SAIL_NS_1790275144,SAIL.NS,BUY,48,185.44000244140625,2026-09-24T18:39:04.881227+00:00,8901.12,181.82000732421875,2026-09-30T19:37:49.830958+00:00,STOP_LOSS_HIT,False,-1.95,-173.76
trial_TVSMOTOR_NS_1790628257,TVSMOTOR.NS,BUY,2,4157.2998046875,2026-09-28T20:44:17.268800+00:00,8314.6,4091.10009765625,2026-09-30T19:37:52.089886+00:00,STOP_LOSS_HIT,False,-1.59,-132.4
trial_TITAN_NS_1790628270,TITAN.NS,BUY,2,4884.0,2026-09-28T20:44:30.311767+00:00,9768.0,4675.0,2026-09-30T19:38:06.012295+00:00,STOP_LOSS_HIT,False,-4.28,-418.0
trial_ADANIENSOL_NS_1790710541,ADANIENSOL.NS,SELL,6,1287.9000244140625,2026-09-29T19:35:41.806945+00:00,7727.4,1314.5999755859375,2026-10-01T19:45:35.925903+00:00,STOP_LOSS_HIT,False,-2.07,-160.2
trial_ABSLAMC_NS_1790710543,ABSLAMC.NS,SELL,5,987.7000122070312,2026-09-29T19:35:43.324280+00:00,4938.5,995.2999877929688,2026-10-01T19:45:37.464095+00:00,STOP_LOSS_HIT,True,-0.77,-38.0
trial_BRIGADE_NS_1790710559,BRIGADE.NS,SELL,11,583.9000244140625,2026-09-29T19:35:59.486528+00:00,6422.9,575.25,2026-10-01T19:45:53.370249+00:00,STOP_LOSS_HIT,True,1.48,95.15
trial_CRISIL_NS_1790628155,CRISIL.NS,BUY,1,4520.0,2026-09-28T20:42:35.956024+00:00,4520.0,4450.7998046875,2026-10-01T19:45:54.246471+00:00,STOP_LOSS_HIT,False,-1.53,-69.2
trial_DEEPAKFERT_NS_1790362269,DEEPAKFERT.NS,SELL,3,1361.4000244140625,2026-09-25T18:51:09.239023+00:00,4084.2,1351.0,2026-10-01T19:46:04.258833+00:00,STOP_LOSS_HIT,True,0.76,31.2
trial_FIVESTAR_NS_1790796974,FIVESTAR.NS,SELL,14,497.25,2026-09-30T19:36:14.398629+00:00,6961.5,516.8499755859375,2026-10-01T19:46:11.639495+00:00,STOP_LOSS_HIT,False,-3.94,-274.4
trial_GLENMARK_NS_1790796976,GLENMARK.NS,BUY,2,2441.5,2026-09-30T19:36:16.855977+00:00,4883.0,2334.699951171875,2026-10-01T19:46:13.227465+00:00,STOP_LOSS_HIT,False,-4.37,-213.6
trial_GRANULES_NS_1790796978,GRANULES.NS,BUY,12,866.75,2026-09-30T19:36:18.322190+00:00,10401.0,846.5499877929688,2026-10-01T19:46:14.360116+00:00,STOP_LOSS_HIT,False,-2.33,-242.4
trial_ICICIBANK_NS_1789496806,ICICIBANK.NS,SELL,15,1350.4000244140625,2026-09-15T18:26:46.751037+00:00,20256.0,1321.699951171875,2026-10-01T19:46:22.062167+00:00,STOP_LOSS_HIT,True,2.13,430.5
trial_INDUSINDBK_NS_1790362316,INDUSINDBK.NS,SELL,12,919.5,2026-09-25T18:51:56.901044+00:00,11034.0,901.4000244140625,2026-10-01T19:46:29.556093+00:00,STOP_LOSS_HIT,True,1.97,217.2
trial_PERSISTENT_NS_1790710639,PERSISTENT.NS,SELL,1,5328.5,2026-09-29T19:37:19.746305+00:00,5328.5,5279.0,2026-10-01T19:47:02.914914+00:00,STOP_LOSS_HIT,True,0.93,49.5
trial_TORNTPHARM_NS_1790797086,TORNTPHARM.NS,BUY,1,4894.0,2026-09-30T19:38:06.405912+00:00,4894.0,4800.0,2026-10-01T19:47:34.314365+00:00,STOP_LOSS_HIT,False,-1.92,-94.0
trial_UNIONBANK_NS_1790797088,UNIONBANK.NS,SELL,68,166.0,2026-09-30T19:38:08.943680+00:00,11288.0,171.0,2026-10-01T19:47:36.181528+00:00,STOP_LOSS_HIT,False,-3.01,-340.0
trial_ZFCVINDIA_NS_1789753961,ZFCVINDIA.NS,SELL,2,2387.0,2026-09-18T17:52:41.155178+00:00,4774.0,2341.0,2026-10-01T19:47:38.772920+00:00,STOP_LOSS_HIT,True,1.93,92.0
trial_ACUTAAS_NS_1790796934,ACUTAAS.NS,BUY,1,3304.10009765625,2026-09-30T19:35:34.894442+00:00,3304.1,3196.5,2026-10-05T21:35:50.694721+00:00,STOP_LOSS_HIT,False,-3.26,-107.6
trial_ASTERDM_NS_1790883942,ASTERDM.NS,SELL,10,697.1500244140625,2026-10-01T19:45:42.558856+00:00,6971.5,708.9000244140625,2026-10-05T21:35:59.835294+00:00,STOP_LOSS_HIT,False,-1.69,-117.5
trial_CCL_NS_1789496766,CCL.NS,SELL,6,1060.9000244140625,2026-09-15T18:26:06.350771+00:00,6365.4,1056.5999755859375,2026-10-05T21:36:15.095443+00:00,STOP_LOSS_HIT,True,0.41,25.8
trial_CARTRADE_NS_1790796959,CARTRADE.NS,BUY,1,2907.5,2026-09-30T19:35:59.104813+00:00,2907.5,2806.60009765625,2026-10-05T21:36:21.118526+00:00,STOP_LOSS_HIT,False,-3.47,-100.9
trial_COALINDIA_NS_1790188499,COALINDIA.NS,BUY,47,428.0,2026-09-23T18:34:59.447482+00:00,20116.0,420.3999938964844,2026-10-05T21:36:25.215847+00:00,STOP_LOSS_HIT,False,-1.78,-357.2
trial_CUMMINSIND_NS_1790100886,CUMMINSIND.NS,SELL,1,4962.5,2026-09-22T18:14:46.332066+00:00,4962.5,4860.0,2026-10-05T21:36:28.307809+00:00,STOP_LOSS_HIT,True,2.07,102.5
trial_DLF_NS_1790883963,DLF.NS,BUY,13,674.0,2026-10-01T19:46:03.290177+00:00,8762.0,658.4000244140625,2026-10-05T21:36:29.144612+00:00,STOP_LOSS_HIT,False,-2.31,-202.8
trial_ELGIEQUIP_NS_1790883966,ELGIEQUIP.NS,BUY,8,608.8499755859375,2026-10-01T19:46:06.494663+00:00,4870.8,584.6500244140625,2026-10-05T21:36:34.014501+00:00,STOP_LOSS_HIT,False,-3.97,-193.6
trial_HOMEFIRST_NS_1790362301,HOMEFIRST.NS,SELL,4,1157.5,2026-09-25T18:51:41.839755+00:00,4630.0,1125.699951171875,2026-10-05T21:36:56.754435+00:00,STOP_LOSS_HIT,True,2.75,127.2
trial_IIFL_NS_1790796992,IIFL.NS,BUY,18,607.5,2026-09-30T19:36:32.222249+00:00,10935.0,583.7999877929688,2026-10-05T21:37:02.664887+00:00,STOP_LOSS_HIT,False,-3.9,-426.6
trial_KPIL_NS_1790884000,KPIL.NS,BUY,3,1380.5999755859375,2026-10-01T19:46:40.819681+00:00,4141.8,1356.4000244140625,2026-10-05T21:37:23.366490+00:00,STOP_LOSS_HIT,False,-1.75,-72.6
trial_LLOYDSME_NS_1790797023,LLOYDSME.NS,BUY,2,1902.199951171875,2026-09-30T19:37:03.151457+00:00,3804.4,1776.800048828125,2026-10-05T21:37:35.404446+00:00,STOP_LOSS_HIT,False,-6.59,-250.8
trial_MRPL_NS_1790710624,MRPL.NS,BUY,83,169.8000030517578,2026-09-29T19:37:04.333762+00:00,14093.4,164.75999450683594,2026-10-05T21:37:38.747823+00:00,STOP_LOSS_HIT,False,-2.97,-418.32
trial_MINDACORP_NS_1790884015,MINDACORP.NS,BUY,7,692.8499755859375,2026-10-01T19:46:55.930194+00:00,4849.95,667.3499755859375,2026-10-05T21:37:43.720911+00:00,STOP_LOSS_HIT,False,-3.68,-178.5
trial_PVRINOX_NS_1790884022,PVRINOX.NS,BUY,4,1242.699951171875,2026-10-01T19:47:02.042364+00:00,4970.8,1215.300048828125,2026-10-05T21:37:54.727322+00:00,STOP_LOSS_HIT,False,-2.2,-109.6
trial_PARADEEP_NS_1789753891,PARADEEP.NS,BUY,57,155.6199951171875,2026-09-18T17:51:31.521950+00:00,8870.34,151.22000122070312,2026-10-05T21:37:55.341925+00:00,STOP_LOSS_HIT,False,-2.83,-250.8
trial_MOTHERSON_NS_1790884037,MOTHERSON.NS,BUY,49,163.25999450683594,2026-10-01T19:47:17.302840+00:00,7999.74,157.02999877929688,2026-10-05T21:38:14.559696+00:00,STOP_LOSS_HIT,False,-3.82,-305.27
trial_SAREGAMA_NS_1790884037,SAREGAMA.NS,BUY,9,506.54998779296875,2026-10-01T19:47:17.617847+00:00,4558.95,494.75,2026-10-05T21:38:15.559400+00:00,STOP_LOSS_HIT,False,-2.33,-106.2
trial_ENRIN_NS_1790710658,ENRIN.NS,SELL,1,3189.0,2026-09-29T19:37:38.527585+00:00,3189.0,3334.0,2026-10-05T21:38:17.523794+00:00,STOP_LOSS_HIT,False,-4.55,-145.0
trial_TVSMOTOR_NS_1790884041,TVSMOTOR.NS,BUY,1,4106.0,2026-10-01T19:47:21.686595+00:00,4106.0,4021.0,2026-10-05T21:38:23.169956+00:00,STOP_LOSS_HIT,False,-2.07,-85.0
trial_AUBANK_NS_1791236148,AUBANK.NS,SELL,6,987.0,2026-10-05T21:35:48.936246+00:00,5922.0,1029.199951171875,2026-10-06T19:46:06.975732+00:00,STOP_LOSS_HIT,False,-4.28,-253.2
trial_ABSLAMC_NS_1791236153,ABSLAMC.NS,SELL,5,991.7000122070312,2026-10-05T21:35:53.319450+00:00,4958.5,1028.550048828125,2026-10-06T19:46:11.552351+00:00,STOP_LOSS_HIT,False,-3.72,-184.25
trial_ANGELONE_NS_1790362223,ANGELONE.NS,SELL,41,290.70001220703125,2026-09-25T18:50:23.152757+00:00,11918.7,285.20001220703125,2026-10-06T19:46:15.820511+00:00,STOP_LOSS_HIT,True,1.89,225.5
trial_BAJFINANCE_NS_1790710549,BAJFINANCE.NS,SELL,10,985.0,2026-09-29T19:35:49.165244+00:00,9850.0,970.0,2026-10-06T19:46:22.394555+00:00,STOP_LOSS_HIT,True,1.52,150.0
trial_GROWW_NS_1791236171,GROWW.NS,SELL,37,180.11000061035156,2026-10-05T21:36:11.909330+00:00,6664.07,187.0500030517578,2026-10-06T19:46:32.597549+00:00,STOP_LOSS_HIT,False,-3.85,-256.78
trial_FIVESTAR_NS_1791236201,FIVESTAR.NS,SELL,9,506.25,2026-10-05T21:36:41.264564+00:00,4556.25,519.0999755859375,2026-10-06T19:47:03.213113+00:00,STOP_LOSS_HIT,False,-2.54,-115.65
trial_HINDCOPPER_NS_1790710591,HINDCOPPER.NS,SELL,25,479.6000061035156,2026-09-29T19:36:31.344688+00:00,11990.0,478.6499938964844,2026-10-06T19:47:19.864645+00:00,STOP_LOSS_HIT,True,0.2,23.75
trial_KAJARIACER_NS_1790884000,KAJARIACER.NS,BUY,4,1235.0999755859375,2026-10-01T19:46:40.056442+00:00,4940.4,1214.4000244140625,2026-10-06T19:47:50.025750+00:00,STOP_LOSS_HIT,False,-1.68,-82.8
trial_KOTAKBANK_NS_1790797012,KOTAKBANK.NS,BUY,43,406.0,2026-09-30T19:36:52.529809+00:00,17458.0,416.0,2026-10-06T19:47:53.012042+00:00,STOP_LOSS_HIT,True,2.46,430.0
trial_M&MFIN_NS_1790628220,M&MFIN.NS,SELL,29,333.1000061035156,2026-09-28T20:43:40.609981+00:00,9659.9,326.20001220703125,2026-10-06T19:48:05.568987+00:00,STOP_LOSS_HIT,True,2.07,200.1
trial_NATIONALUM_NS_1790710631,NATIONALUM.NS,SELL,42,349.0,2026-09-29T19:37:11.963205+00:00,14658.0,340.0,2026-10-06T19:48:15.645686+00:00,STOP_LOSS_HIT,True,2.58,378.0
trial_PWL_NS_1790884026,PWL.NS,SELL,55,123.4800033569336,2026-10-01T19:47:06.848325+00:00,6791.4,131.10000610351562,2026-10-06T19:48:28.697977+00:00,STOP_LOSS_HIT,False,-6.17,-419.1
trial_PIDILITIND_NS_1790362384,PIDILITIND.NS,SELL,6,1522.0,2026-09-25T18:53:04.492046+00:00,9132.0,1487.699951171875,2026-10-06T19:48:28.943923+00:00,STOP_LOSS_HIT,True,2.25,205.8
trial_POLYCAB_NS_1788543966,POLYCAB.NS,SELL,1,8300.0,2026-09-04T17:46:06.158635+00:00,8300.0,8080.0,2026-10-06T19:48:36.413136+00:00,STOP_LOSS_HIT,True,2.65,220.0
trial_POONAWALLA_NS_1790710651,POONAWALLA.NS,SELL,23,445.1499938964844,2026-09-29T19:37:31.321952+00:00,10238.45,451.95001220703125,2026-10-06T19:48:36.732803+00:00,STOP_LOSS_HIT,False,-1.53,-156.4
trial_SCI_NS_1790628251,SCI.NS,SELL,44,274.3999938964844,2026-09-28T20:44:11.653848+00:00,12073.6,290.6000061035156,2026-10-06T19:48:46.632460+00:00,STOP_LOSS_HIT,False,-5.9,-712.8
trial_TMCV_NS_1791236311,TMCV.NS,SELL,21,415.5,2026-10-05T21:38:31.404469+00:00,8725.5,426.79998779296875,2026-10-06T19:49:02.835850+00:00,STOP_LOSS_HIT,False,-2.72,-237.3
trial_TECHM_NS_1790797080,TECHM.NS,SELL,6,1510.5,2026-09-30T19:38:00.946546+00:00,9063.0,1535.9000244140625,2026-10-06T19:49:04.465806+00:00,STOP_LOSS_HIT,False,-1.68,-152.4
trial_ZENTEC_NS_1790710683,ZENTEC.NS,SELL,3,1642.800048828125,2026-09-29T19:38:03.195488+00:00,4928.4,1599.5,2026-10-06T19:49:19.689215+00:00,STOP_LOSS_HIT,True,2.64,129.9
trial_ECLERX_NS_1790710683,ECLERX.NS,SELL,2,1816.199951171875,2026-09-29T19:38:03.848317+00:00,3632.4,1884.300048828125,2026-10-06T19:49:21.091212+00:00,STOP_LOSS_HIT,False,-3.75,-136.2
